서산기구필라테스 철학이 있는 수업 필라테스진,https://m.blog.naver.com/ch23052/222335064931
"아이를 잘 키우는 방법 4가지 <철학, 대화, 기질, 훈육>",https://m.blog.naver.com/rosesharon77/222342513877
영화 매트릭스와 철학,https://m.blog.naver.com/starsunsmile/222333138891
"[생각의 힘, 인생철학] 항상 기뻐하라",https://m.blog.naver.com/hifeels/222306696641
episode #14. 삶의 가치와 집에 대한 철학,https://m.blog.naver.com/rockez/222339467959
소크라테스 익스프레스: 철학이 우리 인생에 스며드는 순간,https://m.post.naver.com/viewer/postView.nhn?volumeNo=31360054&memberNo=8527280&vType=VERTICAL
아나운서 엄마의 육아 (36개월 4세 교육 철학/영어대화/경제교육/글로벌인재/10년 후 목표),https://m.blog.naver.com/sora_lovely_/222332647634
저는 철학을 좋아합니다,https://m.cafe.naver.com/chogca/1159481
동양철학은 정말 발전이 없었을까?,https://m.cafe.naver.com/booheong/205031
"""왜_세계사의_시간은_거꾸로_흐르는가"", 마르쿠스 가브리엘의 신실재론을 담은 철학책",https://m.blog.naver.com/forgrief/222324031226
마케팅 전략에서의 철학...,https://m.blog.naver.com/rlawlgks999/222335047155
[박항준 칼럼] 크립토 프로젝트의 실패는 '바르지 못한 철학 선택의 대가',https://m.blog.naver.com/danwool/222322384432
철학하는 공학도 (부제: 오늘도 딴짓),https://m.cafe.naver.com/clubv300/2006132
추천책 읽으며 - 철학의 위안,https://m.cafe.naver.com/markchao/23256
<인문> 새로운 철학 교과서,https://m.blog.naver.com/201531/222341372347
책 <스토아 수업> - 사람들이 철학은 쓸모가 없다고 비판하는 것도 어찌 보면 당연하다. 실제로도 그러하니까!,https://m.blog.naver.com/souwh35/222339690702
프로하츠카의 철학,https://m.cafe.naver.com/andyhug/1918861
김매기와 개똥철학,https://m.blog.naver.com/jhon119/222344695177
+초등철학전집 : 한나아렌트가 들려주는 전체주의 이야기 (초등 5학년 철학도서 추천),https://m.blog.naver.com/sennie/222328167298
철학수업 중 도촬♡ 수업 유지중이신가요?,https://m.cafe.naver.com/manijuicy/23675
교토 조용한 여행지 난젠지와 철학의 길 여유 만끽,https://m.blog.naver.com/qkrgkdms1993/222321252698
"인문학, 철학 입문자에게 좋은 책 추천해 주세요.",https://m.cafe.naver.com/malltail/6037739
[제22829차] 디즈니 철학 수업 / 서울문화사 (4.23 ~ 4.26),https://m.cafe.naver.com/booknbeanstalk/1045692
품위있는 삶을 위한 철학,https://m.blog.naver.com/tongilsinger/222340070792
동양철학과 서양철학에 대한 개인적인 생각은,https://m.cafe.naver.com/booheong/205097
[철학책모임] 1페이지철학365 아홉번째 공부기록,https://m.blog.naver.com/hada84/222333984985
수지유치원 원장님 철학이 남다르니 아이들이 남다르게 성장 중!,https://m.blog.naver.com/aldbaldod/222326125483
<비트겐슈타인 철학으로의 초대>를 읽고나서,https://m.blog.naver.com/changhyun86/222341091771
디즈니 영화 속 숨어 있는 철학 이야기,https://m.blog.naver.com/smgbooks/222315581855
"불교는 종교인가, 철학인가?",https://m.blog.naver.com/corviet/222341869247
